{
    "text_block": {
        "all": {
            "Edit_dist": {
                "ALL_page_avg": 0.1764042343540481,
                "edit_whole": 0.25619936033161095,
                "edit_sample_avg": 0.2137345544538492
            }
        },
        "group": {
            "Edit_dist": {
                "equation_language: equation_ch": 0.3409706392678529,
                "equation_language: equation_en": 0.44207651711913387,
                "formula_type: handwriting": 0.09523809523809523,
                "formula_type: print": 0.44042675117682345,
                "text_background: multi_colored": 0.20020512903897963,
                "text_background: single_colored": 0.18581805813052085,
                "text_background: white": 0.19430692262598523,
                "text_language: other": 0.0037735849056603774,
                "text_language: text_en_ch_mixed": 0.4617998160514897,
                "text_language: text_english": 0.15291777768973944,
                "text_language: text_simplified_chinese": 0.2177988853711654,
                "text_rotate: horizontal": 0.08873571908955814,
                "text_rotate: normal": 0.19389979088558038,
                "text_rotate: rotate270": 0.7458607762963987
            },
            "sample_count": {
                "equation_language: equation_ch": 13,
                "equation_language: equation_en": 156,
                "formula_type: handwriting": 3,
                "formula_type: print": 166,
                "text_background: multi_colored": 1073,
                "text_background: single_colored": 874,
                "text_background: white": 13289,
                "text_language: other": 2,
                "text_language: text_en_ch_mixed": 359,
                "text_language: text_english": 6870,
                "text_language: text_simplified_chinese": 7985,
                "text_rotate: horizontal": 47,
                "text_rotate: normal": 15130,
                "text_rotate: rotate270": 18
            }
        },
        "page": {
            "Edit_dist": {
                "ALL": 0.1764042343540481,
                "None": 0.13057014056695562,
                "colorful_backgroud": 0.13923943508066827,
                "data_source: PPT2PDF": 0.09592941637732437,
                "data_source: academic_literature": 0.06281878929216853,
                "data_source: book": 0.11586230011446773,
                "data_source: colorful_textbook": 0.22746653359156835,
                "data_source: exam_paper": 0.21763580269868724,
                "data_source: magazine": 0.09318836891699091,
                "data_source: newspaper": 0.31156562029415075,
                "data_source: note": 0.42081421777325667,
                "data_source: research_report": 0.03668639273043202,
                "fuzzy_scan": 0.18726737572329044,
                "language: en_ch_mixed": 0.4070065791823323,
                "language: english": 0.11989810123095618,
                "language: simplified_chinese": 0.19810034109698552,
                "layout: 1andmore_column": 0.0941363957743592,
                "layout: double_column": 0.13102034024949205,
                "layout: other_layout": 0.26553617429843857,
                "layout: single_column": 0.16775906115163333,
                "layout: three_column": 0.14404034645205857,
                "watermark": 0.23082396548598225
            }
        }
    },
    "display_formula": {
        "all": {
            "Edit_dist": {
                "ALL_page_avg": 0.3447877164901715,
                "edit_whole": 0.49081374802880323,
                "edit_sample_avg": 0.25945768949940257
            }
        },
        "group": {
            "Edit_dist": {
                "equation_language: equation_ch": 0.5250734577710998,
                "equation_language: equation_en": 0.243851966903104,
                "formula_type: handwriting": 0.6784452296819788,
                "formula_type: print": 0.25898264693683737,
                "text_background: white": 0.5375000000000001,
                "text_language: text_english": 0.5375000000000001,
                "text_rotate: normal": 0.5375000000000001
            },
            "sample_count": {
                "equation_language: equation_ch": 49,
                "equation_language: equation_en": 834,
                "formula_type: handwriting": 1,
                "formula_type: print": 882,
                "text_background: white": 2,
                "text_language: text_english": 2,
                "text_rotate: normal": 2
            }
        },
        "page": {
            "Edit_dist": {
                "ALL": 0.3447877164901715,
                "None": 0.30806090927326235,
                "colorful_backgroud": 0.5093166310893954,
                "data_source: PPT2PDF": 0.4423259879206466,
                "data_source: academic_literature": 0.5241820638620622,
                "data_source: book": 0.40001696100434647,
                "data_source: colorful_textbook": 0.40455817981812014,
                "data_source: exam_paper": 0.224870774261428,
                "fuzzy_scan": 0.22400611620795105,
                "language: english": 0.2992754400923018,
                "language: simplified_chinese": 0.5243766990331168,
                "layout: 1andmore_column": 0.23492097994741054,
                "layout: double_column": 0.28368786075376384,
                "layout: other_layout": 0.5478197380358901,
                "layout: single_column": 0.39305390571833376,
                "layout: three_column": 0.2855721393034826,
                "watermark": 0.40172957771388035
            }
        }
    },
    "table": {
        "all": {
            "TEDS": {
                "all": 0.6026864074421561
            },
            "TEDS_structure_only": {
                "all": 0.6721376715472724
            },
            "Edit_dist": {
                "ALL_page_avg": 0.6434132033592961,
                "edit_whole": 0.6786853111632165,
                "edit_sample_avg": 0.6726884028303176
            }
        },
        "group": {
            "Edit_dist": {
                "include_background: False": 0.6911739773436114,
                "include_background: True": 0.6308898107779661,
                "include_equation: False": 0.6762181839063248,
                "include_equation: True": 0.6556812758277385,
                "include_photo: False": 0.6726884028303178,
                "language: table_en": 0.6718498933691498,
                "language: table_en_ch_mixed": 0.6631808654470803,
                "language: table_simplified_chinese": 0.6739223219470525,
                "line: fewer_line": 0.6735310615474888,
                "line: full_line": 0.6587040956853327,
                "line: less_line": 0.6045428891184154,
                "line: wireless_line": 0.8375920883145607,
                "table_layout: horizontal": 0.6716077180466059,
                "table_layout: vertical": 0.750652090798113,
                "with_span: False": 0.6855804201902479,
                "with_span: True": 0.6440665026538689,
                "with_structured_text: False": 0.657926104092291,
                "with_structured_text: True": 0.6220741558783558
            },
            "TEDS": {
                "include_background: False": 0.5709679782972157,
                "include_background: True": 0.674406422387722,
                "include_equation: False": 0.594223452842619,
                "include_equation: True": 0.643462461421744,
                "include_photo: False": 0.6026864074421561,
                "language: table_en": 0.5543516386101102,
                "language: table_en_ch_mixed": 0.639446368839759,
                "language: table_simplified_chinese": 0.632183544736161,
                "line: fewer_line": 0.6299761963602036,
                "line: full_line": 0.6337792455822889,
                "line: less_line": 0.7537298778422046,
                "line: wireless_line": 0.12957142953076908,