{
    "PPT_CalculusReview_page_014.png": 0.07317073170731707,
    "PPT_CalculusReview_page_033.png": 0.16666666666666666,
    "PPT_MMAT5390Lecture1_page_023.png": 0.3089887640449438,
    "PPT_MMAT5390Lecture1_page_024.png": 0.3137254901960784,
    "PPT_StewartCalcET7e_03_02_page_007.png": 0.06759443339960239,
    "PPT_StewartCalcET7e_03_02_page_010.png": 0.03773584905660377,
    "PPT_StewartCalcET7e_03_02_page_012.png": 0.05128205128205128,
    "PPT_StewartCalcET7e_03_02_page_014.png": 0.2689655172413793,
    "PPT_StewartCalcET7e_03_02_page_015.png": 0.1475,
    "PPT_StewartCalcET7e_04_09_page_018.png": 0.09174311926605505,
    "PPT_ch7_page_020.png": 1.0,
    "PPT_ch7_page_021.png": 0.375,
    "PPT_ch7_page_030.png": 0.5161290322580645,
    "PPT_ch7_page_034.png": 0.9970631424375918,
    "PPT_ch7_page_035.png": 0.44954128440366975,
    "PPT_ch7_page_057.png": 0.5572916666666666,
    "PPT_ch7_page_090.png": 0.5263157894736842,
    "PPT_ch7_page_132.png": 0.47619047619047616,
    "PPT_ch7_page_136.png": 0.4,
    "PPT_ch7_page_142.png": 0.8,
    "PPT_fundamental_theorem_of_calculus___page_006.png": 1.0,
    "PPT_fundamental_theorem_of_calculus___page_013.png": 0.9101123595505618,
    "PPT_lay_linalg5_01_05_page_003.png": 0.18292682926829268,
    "PPT_lay_linalg5_01_05_page_004.png": 0.3756906077348066,
    "PPT_lay_linalg5_01_05_page_005.png": 0.664179104477612,
    "PPT_lay_linalg5_01_05_page_008.png": 0.1836734693877551,
    "PPT_lay_linalg5_01_05_page_009.png": 0.21739130434782608,
    "PPT_lecture1_page_009.png": 0.9995162070633768,
    "PPT_lecture1_page_022.png": 0.35664335664335667,
    "PPT_linear-algebra primer_page_007.png": 0.7241379310344828,
    "PPT_linear-algebra primer_page_008.png": 0.36,
    "PPT_linear-algebra primer_page_016.png": 0.4175824175824176,
    "book_en_40.Puzzles.and.Problems.in.Probability.and.Mathematical.Statistics,.Schwarz,.Springer,.2008_page_115.png": 0.22302158273381295,
    "book_en_5.Advanced.Modern.Algebra.-.J.Rotman.2003_page_572.png": 0.12777777777777777,
    "book_en_5.Advanced.Modern.Algebra.-.J.Rotman.2003_page_887.png": 0.38333333333333336,
    "book_en_6.Complex.Analysis.-.Elias.M..Stein_page_051.png": 0.9047619047619048,
    "book_en_6.Complex.Analysis.-.Elias.M..Stein_page_205.png": 0.062402496099843996,
    "book_en_A.Concise.Introduction.to.Linear.Algebra,.Geza.Schay,.Birkhauser,.2012_page_065.png": 0.8914643119941134,
    "book_en_A.Concise.Introduction.to.Linear.Algebra,.Geza.Schay,.Birkhauser,.2012_page_194.png": 0.29596412556053814,
    "book_en_A.Course.in.Abstract.Harmonic.Analysis.-.Gerald.B.Folland.0849384907_page_119.png": 0.09792284866468842,
    "book_en_国外数学教材-An Excursion through Elementary Mathematics（初等数学漫游）-An excursion through elementary mathematics, Vol.3 (Caminha Muniz Neto A)_0035.png": 0.37037037037037035,
    "book_en_国外数学教材-An Excursion through Elementary Mathematics（初等数学漫游）-An excursion through elementary mathematics, Vol.3 (Caminha Muniz Neto A)_0085.png": 0.2715827338129496,
    "book_en_国外数学教材-An Excursion through Elementary Mathematics（初等数学漫游）-An excursion through elementary mathematics, Vol.3 (Caminha Muniz Neto A)_0092.png": 0.24478442280945759,
    "book_en_国外数学教材-An Excursion through Elementary Mathematics（初等数学漫游）-An excursion through elementary mathematics, Vol.3 (Caminha Muniz Neto A)_0100.png": 0.34014869888475835,
    "book_en_国外数学教材-An Excursion through Elementary Mathematics（初等数学漫游）-An excursion through elementary mathematics, Vol.3 (Caminha Muniz Neto A)_0119.png": 0.0,
    "book_en_国外数学教材-An Excursion through Elementary Mathematics（初等数学漫游）-An excursion through elementary mathematics, Vol.3 (Caminha Muniz Neto A)_0242.png": 0.09628886659979939,
    "book_en_国外数学教材-数论-Melvyn B. Nathanson—Elementary Methods in Number Theory_0007.png": 0.0,
    "book_en_国外数学教材-数论-Melvyn B. Nathanson—Elementary Methods in Number Theory_0017.png": 0.0,
    "book_en_国外数学教材-数论-Melvyn B. Nathanson—Elementary Methods in Number Theory_0035.png": 0.25680933852140075,
    "book_en_国外数学教材-数论-Melvyn B. Nathanson—Elementary Methods in Number Theory_0085.png": 0.10465116279069768,
    "book_en_国外数学教材-数论-Melvyn B. Nathanson—Elementary Methods in Number Theory_0092.png": 0.31788079470198677,
    "book_en_国外数学教材-数论-Melvyn B. Nathanson—Elementary Methods in Number Theory_0100.png": 0.08737864077669903,
    "book_en_国外数学教材-数论-Melvyn B. Nathanson—Elementary Methods in Number Theory_0119.png": 0.034482758620689655,
    "book_en_国外数学教材-数论-Melvyn B. Nathanson—Elementary Methods in Number Theory_0242.png": 0.07640067911714771,
    "book_en_国外数学教材-数论-Melvyn B. Nathanson—Elementary Methods in Number Theory_0363.png": 0.22556390977443608,
    "book_en_国外数学教材-数论-Melvyn B. Nathanson—Elementary Methods in Number Theory_0451.png": 0.46523716699155293,
    "book_en_国外数学教材-非数学专业教材-线性代数-Gilbert Strang—Linear Algebra and Its Applications 4e_0007.png": 0.5625,
    "book_en_国外数学教材-非数学专业教材-线性代数-Gilbert Strang—Linear Algebra and Its Applications 4e_0017.png": 0.8026315789473685,
    "book_en_国外数学教材-非数学专业教材-线性代数-Gilbert Strang—Linear Algebra and Its Applications 4e_0035.png": 0.3448275862068966,
    "book_en_国外数学教材-非数学专业教材-线性代数-Gilbert Strang—Linear Algebra and Its Applications 4e_0085.png": 0.2912621359223301,
    "book_en_国外数学教材-非数学专业教材-线性代数-Gilbert Strang—Linear Algebra and Its Applications 4e_0092.png": 0.5357142857142857,
    "book_en_国外数学教材-非数学专业教材-线性代数-Gilbert Strang—Linear Algebra and Its Applications 4e_0100.png": 0.9706161137440759,
    "book_en_国外数学教材-非数学专业教材-线性代数-Gilbert Strang—Linear Algebra and Its Applications 4e_0119.png": 0.6944444444444444,
    "book_en_国外数学教材-非数学专业教材-线性代数-Gilbert Strang—Linear Algebra and Its Applications 4e_0242.png": 0.3669724770642202,
    "book_en_国外数学教材-非数学专业教材-线性代数-Gilbert Strang—Linear Algebra and Its Applications 4e_0363.png": 0.13346613545816732,
    "book_en_国外数学教材-非数学专业教材-线性代数-Gilbert Strang—Linear Algebra and Its Applications 4e_0451.png": 0.4585365853658537,
    "book_zh_CNASGL0072018_extracted_page_48.png": 0.31560283687943264,
    "book_zh_CNASGL0092018_extracted_page_69.png": 0.1899696048632219,
    "book_zh_CNASGL0092018_extracted_page_70.png": 0.16355140186915887,
    "book_zh_CNASGL0092018_extracted_page_73.png": 0.0797872340425532,
    "book_zh_CNASGL0262018_extracted_page_82.png": 0.4299363057324841,
    "book_zh_CNASGL082006_extracted_page_50.png": 0.17452830188679244,
    "book_zh_DLT10562007_extracted_page_17.png": 0.9809523809523809,
    "book_zh_DLT10902008_extracted_page_8.png": 0.9228325011348162,
    "book_zh_GB115041989_extracted_page_9.png": 0.9205240174672489,
    "book_zh_GB12082006_extracted_page_8.png": 0.3275862068965517,
    "book_zh_GB14536.11998_extracted_page_145.png": 0.6071428571428571,
    "book_zh_GB14930.21994_extracted_page_4.png": 0.5573770491803278,
    "book_zh_GB149361994_extracted_page_7.png": 0.33557046979865773,
    "book_zh_GBT 50744-2011_extracted_page_67.png": 0.42857142857142855,
    "book_zh_HGT51022016_extracted_page_12.png": 0.41379310344827586,
    "book_zh_JGJ1022003_extracted_page_27.png": 0.46153846153846156,
    "book_zh_JJD10031991_extracted_page_6.png": 0.9786148238153098,
    "book_zh_SYT57941993_extracted_page_3.png": 0.7142857142857143,
    "book_zh_TB100782001_extracted_page_21.png": 0.9299469718113312,
    "docstructbench_dianzishu_zhongwenzaixian-o.O-61569751.pdf_155.jpg": 0.6732673267326733,
    "docstructbench_enbook-zlib-o.O-19091739.pdf_181.jpg": 0.14477611940298507,
    "docstructbench_llm-raw-scihub-o.O-ceat.200407001.pdf_3.jpg": 0.8486407053637032,